USE kuenstler_DB;

INSERT INTO kunde (kunden_ID, anrede, titel, vorname, nachname, adresse, plz, ort, geburtstag,email,telefon,reg_IP,reg_datum,status) 
VALUES (0991, 'Herr', NULL, 'Johann', 'Meier', 'Berlinerstr 1',13456, 'Berlin','1960-01-01','jomueller@sdnj.de','030132465879','192.168.10.10','2000-01-02',"aktiv"),
        (0992, 'Herr', NULL, 'Arno', 'Schröder', 'Hamburgerstr 2',14016, 'Hamburg','1970-02-02','arnmuel@sagagj.de','0201546459','192.168.20.20','2001-02-02',"aktiv"),
        (0993, 'Frau', 'Dr', 'Elfride', 'Meier', 'Dortmunderstr 3',32116, 'Dortmund','1980-03-03','drelfrmei@gagf.de','0645465459','192.168.30.30','2002-03-03',"aktiv"),
        (0994, 'Frau', 'vonundzu', 'Barbara', 'Tiel', 'Hauptstr 4',42154, 'Wuppertal','1990-04-04','barbati@sgagsdf.de','021435469','192.168.40.40','2003-04-04',"gesperrt");

INSERT INTO kuenstler (kuenstler_ID, kunden_ID, avatar, portrait, pseudonym, iban, bic) 
        VALUES (0911, 0991, 0xffd8ffe000104a46494600010100000100010000ffdb008400090607100f1210101012151010100f150f10150f10100f0f0f0f1515161615151516181d2820181a251b151521312125292b2e2e2e171f3338332d37282d2e2b010a0a0a0e0d0d150f10152d1d161d2b2b2b2d2d2b2b2d2d2b2d2d2d2d2b2b2d2d2d2d2b2d2b2b2d2d2b2d372d2b2d2d2b2d372d2d2b2d2b2b372d2d2b2b2b2d2bffc000110800b7011403012200021101031101ffc4001b00000202030100000000000000000000000001020304050607ffc4003710000202010204040305080301010000000001021103042105123141065161711322328191a1b1d107142342c1e1f0f15262723316ffc4001801010003010000000000000000000000000001020304ffc4001f1101010101010002030101000000000000000102112103311213416151ffda000c03010002110311003f00f1a18800600000310c06021800c400480401061621a4122c2c972116802c2c40106020018c40048056160020b10000080000412000004000021886020000180000c00000621800000000000138320480cdc114cc89e91346bb165e536387589f52a35f9b0b8949b4ceb98d7e4c4d1328ac0009000800602180008000000000000400002000010c43022310c0602180c000006218000000002449201089a83f7270c0df40291c5bb2e8e9e4ef6e9d519ba5e17395edd08b6034aaccdfdc79ba232b86e89465f32dbf23a58e96135f252aab5ea63adf2ad2389c9c21be9d6ca9f04c95d2d9da7ee3cb929adaeaff00132e1a48f55b2dd7da89fd88e3cd351a39c3aa7f718f47a765c18a6b964ba3a76bbf9230357e168ca1cd0692ebea5a7c90e3cfd819fc4744f149c69ec6151a21101d0500807400201d05011018302203a0a02230a0010e812254046809d0b94088c743a0100d21d011a1d0e87403846cccc1823d64eabd5231220a4e328493e925f759147a0f84fc11a8d62535cb870356e725726bfeabbfbec7558ff66b8229396a39daef51451c6bc4f9f4d830f25462d25f2d797734ba2e379357f25bb6fac6555ee8e1d6b7af7bc8da66465713f07fc1be59466fee6cd5e4d2bc15dffe4a8df2ccf03fe2b72496d26fb799c8f19e2ce791c62ebe6dafe9ebd1f915c6f5abc4dcc93ac8ccd6fc9de9abefe867f0fcd1c53e46d3e6edf6eff8246972674abd29a5d37b7cd166b33f15ad4432f68bbd8d797538afd7aee38df135863169d4adb56b7ecb73074fade583e6de4e77ebcae37fd486bb518f598a3356f962a2d2eadef5f65d98ba3827192c8f95e39b72bbba5171a5e6652f22dcf59f875516dc2adbe8ef7ba572fccd8708c92c9cd4be469d3f6ff5f89cdf01c4f26794ba25194557fe7fba36dc535b1d363c78a2ea52b7e5bff6f22d6fbc8ac8ab88f0c867e6f3bae9d4e375dc2e58dbd9f2a7575bbf64759a4d6384e5d776b77d37ee4b8cf0ecd35178d7345f976f535cfcbcf2abf875c14b1d767f691e53a2e29c2f34127f09bf68b6d7a9a5c90aea9c7ff49a37cfc99bfd56e6c63728517fc317217554f28729772872814f20b94c8e40e4031f94394bf905c8053ca05dc80063a44921a4492212543e52c8a2c50031f905ca64f209c00c7e51f297728b940ab947ca5bca1ca04231239a1d3dff0012e48af32efe4451db78a755cfa6c306fe68c6374fd0d27078cf1359232717dfba64d2f8d184a7b250db7d9d18cf32fe57b2ed75672fbcfc5bf9f6dcf15e2f29a4fbee9d3ea99a286194a4df67bfda66c22a7bd5fea741c2385c5c7a34dedbab55fd11496613af5a5e23c3e71c4a752d926dd76e9d3cfa1a0d061f8b2e57b37f2a7d7e6bd8f4d96833feef3c538a957ff292ba71f2f73cfb87e9a4b51c8af9b9ad6dbf3235c6bcacab2631cba09e34dda9c536b7a4fcbef4646bb5ce5394a09a735cadb5d39a5567a0711f0cc32e3c1297ff004abdfd5b7fd59a17c0252938a573589646d2d93e6d97aec9b30bf267befdb492f1add7713c7a3e5c7863cf9b95b75ba8392adfee473996599e48cf336e4e9efd97b763d223e19c7a1d34f5396a79b224db96f524ae97de707a4d3e4d4e5b7b393db67469f1d9ed56d5f36e5194b7db7ddeef7ebec76fe1dd473625cefa2bf63479f86722f8314dca5bbef2dbcfd3f5373a1d1386250fa5b5d3bfdc61f26a58d32c9d278b7163cb2c73a718edbd266f71eb3876a954a38e49eced46cf24d6691acd28a56dcbabdd9bc860c5a2c6b24f79bfa577932dfae7273ed16ffd65fed03c1b834f0fde34924a2feac769af789c028f999babd7e5cb294a539537d399f2a5e4918d476fc59b99ed616abe50e42ca1d1a2aaf90390b06053ca1ca5d42e5029e502de50035ec0930a094a2cb60ca5227103210515a65898117122d16320c0543488b6160396c52da7b5d7abe83c922aa205f8f533c71a76e0f68beabd93fe8359d552eab7f73161a8945bae8d549357192f5fd4d8e8740b2fcd0771ee9fd507e4fd3c995b24f53d434d2cb269274763a35add3609ce51538c15edb9a2d3e8e51daaf95ecd6d25e8cf55f0871087c351c8b9e2e354e3f3577b5dce7f96cf17cf5e5ebc4fa97cad463152e9f3357fa1d47843578757a870cd8d62d56276daab97dab67ee74faffd96f0fd54be262cf934eef9f9524e29bdeaa4ad7b1c2f12e00b83ebf1e47a85961ceafe5719f2bebd361afd773e7d93f2ebd2b8a41c5e2c6bb2726d7a230f84e2729cebba50f67e5f91b0d4ebf1668c258ddf3476edd4c8e03a7863718c9d734dc9b6aadffaa382fba8da4e655f8c782e5cd8238a35ca9dc9b69555799cc70cf0dac7f3ce71be9151de115f999ffb59e2d9f34b0e8f4bcee126de79608ca52e8aa171e97b9c3683856a66e38562d4e0c91936b2c9ea23cebca9aadbfa9dd9f8fb3cbe30b79fc7a1f05e0f087c593519ca4ddc93e6a5e4fc8a7598395ec9574b5d91b597069e9f4e9fc593c956de49369fa3395fff00412973e3c89464bc9a77ec6171f6d3ad6ea34d8716479b2b492e9ddc9f924721c6f5af5191cdbdba4579236bc6350e791df44bbfe86875557b1d7f0e393acf7aed52874203a199f289c490c0ae8744e828085089d09810024006b132c4cc74c9a612bd12452a45898162269952635202d642483985cc045a22c99190144d92827e57edbfe4553611dfba5ee05f8e314fe7b5efb57ea6469be2465cf85eebbc69edeb1f231f1c9ad9648fd9292361a5554ff873f2e9297e28ad1bfd0ea2799292e5592ab9b1b6935ea8cd8e1d4c3e77394afa470bb95fa77fc0c5e1f954a4a53e552f397d4fdddee7499f4d19c53f91d6fb734b7fb19cbbeb48a74bacd426975c725bcd4a4e7075d269fd2fdcd771ed2c678de78b965719b8b79145a6fb38b5d51d2f08c36f7a53daa4a2ef957692f237b978261cb8b32a49e45d61b2dba52edd59cf7565f1a4e7f5c3f87a3973c61f35251517d16fe9f81d465f8b86315f5463bc6fafb1c469b8864e17a878327cf8ddc9376a557bd3e97b23b9e17af9712ac7871fc91fab249ed17b6d5dd996be1d7e5d9f4dff003cf38e4b873d5e9b33d560694324ee50ccee3cddabd4edb4dfb4cf95fc5c6a0d2ddc64a4916713f0da94a1074a30dd542e4a5e7e5d0c1e29c034f82129c23fc57b5b9257e95dd7a179757fc65ab96171cf12c3534d66724ff96174fdcd1ea34ca5f3e38ef5f574637c2b141f3c66a0eee49476bf4a33e3a8c4e34ddfa6e933a3e3c718ef53f8e673f0ee4b9b6dc9fda6832add9dbf129a92aadab6a391d55465d3f23ab2ceb0e828b672bfeeec8d17420493134004a81a043a022d1164da13448a9813a00350868a931a91295c8b118ea64d4c81721b295907f100b1888f387300db13909b23604648a24cb72b31ec0957d9ee65e8ed53e6a8fb6cd7bf730e2dddaebd824db7726e4fdc0e8f1e4c136a29b72ffaedf6d9d8786389c57f076dba3bbafefe9b9e630c8fb3e55e9fe6ff00699da0e232c4e324e945da5d77feaca5c0f4fd5ebbf76c9dd29f75f91643c5f0927526e9f2b7dd7ddd0d5e6d44757a55922fe68ae675bb8baa7f9b398f0f68a593e2a4f6bdd5efef461711d1f0c9ab3adc78bf5b8f5aa118ef28cef99af9abcaced3c0dc77069b1ad3e3942128bf996dcce4fbb6fabe8717a5e079399b5bbeddcdaf81fc292cf927a8cbd14dba7b2724449df1bfcf9ce33e3d525c56324a4e9d75d96fea711e27f10c32cfe1aba8f54a29af769f6f545de29e331c50f858beafe6aec70baed44e7cad2ab5d57d50979fb5513313ae0edad8e4d5e2bfa3953e8e2eafdaeefef2fc6d3ae5c92af297f9468f4ea5bac957dd34b9327ab5da5ea8cdc128dd476ffabedec69ce0d9e6836ba297b6cce678969d5becfc9fea75da2c0e4ba9adf1068e95d275dd2a7f87f519d15c9bc6d6ed6cfee172926348d5556e24248be88ca00eb1ec9c6629c0a9a252c8e60285224a405a22298c0d08c404a4c2c287ca02b1593511f281056493254459013909c84d916486e442818464049418283464432a166cc9ad880b1c14b63371681bd8d762c94cdbe8754dd117a3a0f0db969ad7d5197d4bf4361a9f0fe3cb2f89866f0ca5d69d231343916cd9d2695ac9b56c637ab4d70703f0e6a9a51c9a88471dfcd256f257a36f63a6d66b21a6c2b06953956ce6fab7dd9add1e2dda4656b271c30b9791546f76b99c98d5c9e4ddcbab662ea7578b1463154db4efefff004475bab59a749d230b5ba44df997558b9f2bcae96dbec6eb8470b736afb189c3b4aaceb78628c28a6ef8b48c8c5a4e44b6dff3347e2397cacdf6a754bccd6712d3ac907bf632ceacab73c79ec9ab1c4af886278e6e3dacaa390ed9eb2b1962650b20dcc094d153812e60b2456e02e526d91b01500ec00d18c7ca3512560315010241644001b22d8da22c08b22c9322c9116240c7001c51b5d1e92325b9aed8d870fc9b95a32b2f026d5c7b1afc29e374fb1dd7036ad465bf31aaf1ff00047a7e5cb15f2cbafa19e77ef28c1c1afaee74de1ee2b194946fa9e66b50cc9d07109e39a927dcbdc8f7ed264845733671de36e3d197f0e0fde8e767e23cd28775b1cfe5cb39caf7765665591b5d36aa56a8e834b979d6e69783699e4fe5dd1bed2e2a6e35bd15bc5989835b59541776742f9d56fb1c46b9bc3a8527b6f66e755e234f912ebb5fb15d67ab4aebb2f0f9ca29a66c349c2a538d77a355a4f10c3e16fd917701f1663537093f5467f8d2d729e32e0d2c2f99f9ee73114779e3de338f32e486edf53868c4e9c7d28284cb284e2590ac63e5048911a1513484c0ad8130096b054439c7cc129509a1390580e854160d809a22e24ac4d8154a256d17b20e2052c8973811f86489c2166d38668dc9a3020e28db70de218a0fe66d2f66cad1e83e1dd0e35cadf5365fb4ad1f36864d2ba5671dc37c4fa6c6d5ce55ff009674bc53c71c3b3e9a585e493938d57c29f979d51872f478b2896e18a4ec9cf0eee9ed7b5f902c2fcd1d2371a7e21049268cfd36bb027f3247371c6fcd162c6fcd15b983bef0e717d2c72494a926b6be86c33f17d2fc755254d6fe47992c52f4fbd135864bfda2b71074de34d462c928bc74df7a39ec684a0ffc65918b2d270644724bfe4c9e254eef731d5a2c4388644a77dec704511271b086428a25ca8c6521bc9ea05ad220d11e61360260c1aff2c54fc890a8039860685263a6004ac74c395800034c54000300000000013620000a01000c7160004e24a5f88000592848008134fa164257b2100425757e9b325ce80006b279ff00944fe23fd400092cb5638e7abab56a9d3abef4fd00084059575f4129a00093f89dd09c80020d4ffcea11934f67420094fe237d7f2000247fffd9 WHERE `kuenstler`.`kuenstler_ID` = 911;, 'Ich bin Künstler oder verrückt', 'JoMei', '646446564464','465465465465'),
                (0913, 0993, 0xffd8ffe000104a46494600010100000100010000ffdb0084000906071313121513131315151517181817181718161818171a181617171718181717181d2820181a251b171721312125292b2e2e2e181f3338332d37282d2e2b010a0a0a0e0d0e1b10101b2d251f252d2d2d2d2d2d2d2d2d2d2d2d2d2d2d2d2d2d2d2d2d2d2d2d2d2b2d2b2d2d2d2d2d2d2d2d2d2d2d2d2d2d2d2d2d2d2d2d382dffc000110800c2010303012200021101031101ffc4001b00000202030100000000000000000000000405030600010207ffc4004110000201030302040403070204040700000102110003210412310541225161710613819132a1b114234252c1d1f033621572e1f1078292b2243443537383e2ffc4001a010003010101010000000000000000000001020304000506ffc4002c11000202010401030401040300000000000001021103041221314105135122326171813342e1f03443a1ffda000c03010002110311003f008efdc55b4d9c9fce931e668cb97567340a6a154e722a298ed036beecf140dc3e553eaafaee8a08b8ed4c85356d8933531350ab5744c9a601970c015cdf3c574e2447ad6ae2f154a00efe0e8fda003debd27a769ceff215e5ff000eb117d2399af5de95a7666f2ac79dd335e0fb477ff0ddcb40eab4cead2062acda61e1acbd681149b6e360f779a17f4d18ae7addc8b6d5335c54154df8b3aef84a29c9a48be283e6caff0047b5f3757e601af54d324281551f80ba3c2fcc6e4d5e4dbc52ee6eebc08d8002dbb15ad5592c20d1f6ecd49b28470b92b3bdca283d67a298240af3bea9a86b4f1c57be5fb008c8af30ff00c40e86b05873538dc326d905cf71e7fa8ea6cc39a57249a3ae6988a81161abd08a4ba15c9968e97841525fe2b5a53082b774e299ae09581581e2351eaed99a2ac919f3a2d9015a78c2c0d8a7516c14da2b5a6b5e18aef52769c0a8eddec134e9720b04d52411ee3f5af6ff0084f553650132408af02d4eb0b5c18e0d5dfa3fc44d6d57693c7159352a4e4b697c4d254cf672445461855074df18923c58a8351f1a85358f2c32bf02c9d1e8bf32b75e6e3e391e62b2b2fb797e09ee29ba84931c639a5178f97134fb58549c527d679715eca282dbd6c9a808f4a26eb9915bb8b34e2825c0262a52405cf3dab48bc9e4d776189064532148efb960220575698704d45a84db1525bb4081544c0c79f09a03aab5dfc55ef1674e17315e07f0edf16afda73c2b026bdc2e75842a08615875517b9334e1769a43cb6f8a1ef6a40e695275950bcd57be27ebe56d164fc4640fb73528ef97083b52ec33e24eb8898dd9e0015525b61cef61249ee6a9f6b56d75c962ccc4cf38ab1e9adb3b19308a048067b706b4c60a20ed0ff41f193e95c0b8aad64f71820798f3af48d0751b77adadcb6c1918608af1dea5a147b64273e5407c39aabfa573b2e80a4e549804f941c4fad19e34e3f488d7c9ef56dc576d70553fa7fc422e26ee0f715cea7ad31c0a829e487d276c458b5dd45501335e69f13f57f9a481c51badd516e4d2abfa7069145b95b2915148adddb535cffc3a9c3da02b8dddaaca4ce7b4d691805835c5d15da81dea3b8935a9ae0cac1af591d8d136b0b135afd924f35d0d3c706ab08f02c9836b060d0ae3c14c6ed9c66976b09063b5536f916c4fa841ba9ae8d852c692d465a240acb9789168056ab5db462abdaaea249347ea109a5afa333c526eb19b4703507ceb2a41a435949c0382f7790049348baa01b714e35077607149358f0d07ce8c4662cba217d6b568938a27536816c11c4d40a2320f1f9d3a14eef240c56f4e2a037096a2f4873c134cbb11826bc8dc076a995445497ad1390a667cab6ba67fe56fb1a75c00e2d0ab6e96eb94064f155fd0f4fba5a05b63f43571e9fa5b9f2c294218768a964eaca63ecde82e9220d6bafd91f25fcd7c20fbe4fdf8a9f4165918b1530a092638001fbd20f8cbac84b6a376d0e773033c3081e11e2279c0fb8aec2aadb1a5d893a63841e1813c9eff007e7ed4ddfa8aa5bda27731927fccd24e9368dcf0a8201f167f854c6d1ef07e946ffc0dd4c898f334d28b7d0d195137ede5586715336877ab1391c819c1addae8303797593ef029affc3d368dce260fd6961071e069cd4803e1deb6101103b83c833ea7fce69c59eaab73f09cf715e73d72d358be4a83b581cf93667dc784543a1eb0cae0f7fcaa92c4a4886ea3d21af19aefe6e2b8e91fbf45b8063bfbd4dd474f1f8464d657c3a6536f160576dcd716b42e4f1fdfed4e3a67492793ee7fa0ab058b0abc08f5eff7af2b53ea51c4ea1cb2f8f4ce6ad9575e86e470df68fd686bfd15d33063d463f2aba9add635eb59af948b3d1c0a0ddb4cbdb1e7517cdf4abbdfd1a5c04ac4f98e3eb553ea9a42a4c088e47f515ee68fd4e19fe97c331e6d3387e85da8d4f6a07557948a9755405fb502457b109371325502e9ff0019a3c2505a31e234c22bcfccfea2d1e088a5742d0ad39cd74cd8a4b4135f245656831aca168e2ddf2ac8c4031eb3f7815c5ed35a23fd31ee17fe951d8be630ce3ce76a9f53c567ed9fccd71a633f31573e83154b457692374e4107e59311f893b45686903827e5a851fec8fd4d75f3641337223817267db693533ea5888d97f6920093c0312493ec68d8281751a55500816813e68088fbd65bb2148dcd3cc0b60003de054b76ff0089517e6ce704822077f2a90dec7e17edc35b127ef5db8e68de9f4fdc338fa0cfb54ab614124bbfae40feb53d962d1b439f7691f977ae1f4c1c92b6c389c9c86e3d69b7028956d40055731fc658cfdaa2b1720f8d9479000893ea584d4f6d3302c381ead1fd6bbb56012dfbb756e658ab0fa4f1462db03a25b7786cc891e6187da07354beafd2c6a1edbba80e9b86dec55898fb18ab66b4e31e10304f04fa6381cd09a0b0374f7dac476fc3c8f5c9ff0026998122a7aeb5f26cdd36a3716c1efc01cfd229259d2751db8bae58c4283299ed2793564eb6a0310786931fe79513f09da890092a2489c446499f2806b972c2ca7ebba7752b3b1ae02a5812b0c0e272481814bf52da80aa5dee079258979560780057a2752eafa6f95bdaf238040050861e3cc6c1907bfd6aa9d76c01a84ddfe990180c89f7f2aa4e092b4c4bb37747cdb2d32485060fb76ff3bd532d5cf155f05c501940c1c7b5502ee1c8f22453397080d727a07c05d41bf796406248dcbb64c763207d2bd1ba5741b98b972ef227695e3de6bce7ff0009afdb4d5efb8db404201f52463dabd9afead1810ae09f21e55e7fa86550c4e45f02b6909fab6a1acd87740095598698e724c6789aaf5af8c08b5719be53b2def96bb5b6210537824b4910011ea6ad7a8b41d190e432953f511daab76fe1a16ed96b8cd71b6db51f2c052bb0c2b2f9900f27b4f35f2b82585c5fb8b9b3d19a97f6826bfad5ebfe05fdd5abf6e2db1425b7b2020179853bb72c11da84d2dfbb71ec335c760d6eda70de22432dd4283c322724f00530d16b34b6d45ebd68db6b770d94624dc6254331381c8973918a63a5f88ac9bff2513c04a8174404372e27cc5581992b99ad3bb6aa863e17fbd934afb611f0c694dad32232ed652c08f33b8f8beb5df5ad2ee4dc0657f31fe7f5a655a6138f3af3e39a4b2fb8bbb2ee09c68f33ea50ade8723fad2fd4dd1b4d583e2ad0155de3201cfa4d53af5edca6bef3479b7623c5cd0db2a09e91e2269a3a0a4bd22e6d34f4106b3678fd56724426c56c6909a211a8bd3dcf4accd48ea62efd90d6e8f6d48f2aca34c5a62cb57df696f97b4661988904fb5056aeb3659ecdc8382eb991fad741d476cce594e08f404e2a66d302824139c4db9fcd4fad6b6916b6c36ce91c0136ecff00cc18afda0514a41b80142013c8bd1248f29ed4abe7b6dda6e6d8c91f2de2076cf1f7a656f4ca1549b82e93e81a23c946052ed636e416fa9b484c11bce21ddbdffa5176af15961f200806774f97a7ad27d46a6f2180b6950f05f2e41e02ac7f5a915d044da67f45b76f693188a1b4361b6f5a5c9df75473e14bb188c40228efda8dc021750aa3008023df02814d43481fb3db0626190000f20123f41521d7381bf784319dbb828026028260d1480dd8cb4dad860aad718e645c1c01dc089aabf5af89f53bca8c2790c7dc8cd3be8f7dae96badcb019e600e0528f8842e702477fbd685c2101b4bf10ddc968300f1181ed19a3b45d583b82a63c2d1f6e6aa4e8cad23861fae3fbd2cbfa87b61889c797919fef428e2f3d6545d183c0cc79d36f856dadbd3a12a1b796dc0980cac0a91e9dbed548e83d60dcb72d2631f97be71572d059b9710a587b6b700f02dc9dad3cc11c18ed1423c30d58d359d33496c5c2b6c64a3206fe12a0cc7ae6a8df15b1bd927c48257d8723ec3f2a6dafe8bd6d8c171c483685bf960fb969f2ed551eab66fda94bee4dc9822440107f97b9aaefb5542b86dece46ae2dac9ef9aaa5f6dcccde64d32d7de858f33f952c41da957406cb77c0174fcf2201f0139f422bd6fa75e05c7624444638f3af1bf819c7ed025ca4a30dc3e95eafa3b84c1561736f70678af3bd431b963745f03a7659054576e1dac5219803001fe28903d3914bbaf93734774a1ffe996047fb7247e44554ba4eb1ac6956e2a0b36cdeb4cd1777b3da71b19da72b9da6be630e95ce369f29d51e84b225c0674de8daa36511d6d5a368b5cb6ecdb8b3b6fde5d46236b37e55c268b45a64b17cdf6716f6a6db7e24b97ad2908604c30120660e285e9560dfbb619dd99dac6a2dab6e63fbc42c03127fd8fc9f3addee9f752c3dc368d9367f67b801020ddb2486711ca9079e4d7a2db6f6ca55f85c777fb21f9a2c977e275fdd325b2d6ae053f30b6c037188008cb0cc8edf5ad746eb4ef7decdef0b4b6d5d8cb0149c063f8bc39fef40e8be13636903de82436ed8372c3bfcc1b0b0f0c18fa53cb3d1eca5d178ee6b904096246400c42f009039ac7b74ff0064796f8fe4aadfdb39eb36ad9520199c11efdabcabae683e4b900ca9e3fb57b16be0a98b67ce40915e69f198b7f2cb2801811da0d7d468ded8518f3c53e4a9d9bb0e2ac28d3553b7764d59ba2dd0f00f356cdcf2668b1be952049a9d2e015bd9022a2bfdab2a9261272056543b6b28845c8630c6d8ed1b4131ed99a26caaa9858262614113ef9c7da855420f38f3403ec464d41774e0995dc19cf8989009c44638e2b4810c9ee5c380481c1dcc907d030ccd197df33badaffb0441f2dcc33f61482cac6e0c411da4c8e3b1ab0f4bd21281998003810204f9ce73fd68b471abe648258318e441087cb3fad1ca8cb07633111cb002b56ec5b23256678f6e3d28d08bc93007ace7cf34283671acd6bc97b96c5b50b006e04eeedc0a54961ae73c139c602e481ee488a9be20b85dd117200cfb92649f606a4d4dd096c28cf6c778aa422a206ece751ab0abf2d31148fa9dd2dfa6739a91a49c649c7d79fe86b8ea6802f2018927fcefdeb8241642f0d858067d49aac75fb9822083323eb39fd3ef4c86b42a99e09ddec07bff0093557ea1a92c667da8d819c59d7141b671cd5e6deb596cadc7520388ef3e1e0cd506cdbc66af9d235a353a75b2e01f96008e38c6efb454da390af53f15ea88da9a9bbb7b8dc7f59a057504e58924f9e7ea68beb1d2d2d16db9031f589a46e723da8ae3939b37d61b81eb41eeef52eabc4479003ef432920c1a76c5a2c9f04330d4a6d50e4861b4f071dfed5e916eeb86f169b68383b59631df115e65f0713fb52156da40620c6e8c4640ed9abfddf9f1e1d55a7f30c07f7a8cd2970c78ba2d1a3d5320dad6fc0798327de3bd77d27e1dd2db46d8bbc388258ee9183b63b0c0c7a5548ebeea986d4211fca0411ec78a3fa57516249b771189f5838f31debc4d4e865cb83a3663ccbc977b5655442a8503b0000fcbe9f6ae8a8e0e7deaa977e24bc8db5ad122243004827380477e28a1d7af1b5bc69c931320923f16d0200c9e31ea6bcf8fa5ea26fc1a63962f81f5ebca82498a47a7ea4f76e129c0247a63c8f9e0fb10691de466771a8b927076a76198cf6cf9e4511a761bd4efdb079e79af574be98b172f97e7fc19f2e57745a74fa9b8b3b98007b4529f88b4ab76c3ee4432391822995db658060d31f9d2bea0ea46d3e73c731dabd4aae88a768f17d55a36ee152220c51da1d4953239a3fe2956fda977010c3ca0c791a5d7ad004c629dbb3374cb8f47ea21f0dcd31b9a79cf6aad743e98cc0371570b36f6aed6ac93714c5592174c1d6ce2b29ba69d6066b2a5bd1def44f3bbf7adff0002dd8f41027cfd7bd6edea8b0d9bdbd9918fd018a8bf6a6100a0939fddc19fa57372e03fea3df48389103ee063eb5bca2e026cdd7b663e6a8007e175c4feb4c34fab9820bdd6fe2810b8fca955a2ab2e4a5c1fcc478c790f23467ed24accfca48fe12b24fb83814c01e375cb48be2570fdc05923dfcc502fd585cf00bce3791c215600761b862950d4aab4212ec460b1303b519637e64c9e27fa0f6ae8ab0b0fea3d5115a57c470013938819f5a0d3a813c9c991ededeb49b5f7803802835d4e67fcff00bd5852cda2b9b9cf90e3df11fa7eb40f5dd66e247f08c12073190a285d1ea82a319e60fdb8fcff00cc52cd66b301860761dcd2308b7a8ea0e01f7febfad00a375737ee49ae11a294034b3a7c0a2b44e6d3871c0e4798ef406975b033457cf069d500b5751b48f6895cc82d3efc7b9aaff56d0040180918fce8dd1f548b253b8c7d29768b566eb1539540604e093e141f4267e95cea822889315dba8e187d689d5e9ca18c7a9f5a1e0f9d038b17c05a1b9f3d9919415430c413c90311deaf773417624d9b3708fe280bfae6bcfbe16d52a5dc9659c7848fc5db9c1156e6f920435ad492783b8907e80c45249530a247471116ad11980847df22bb16895ffe58a9ec55c033ee38a834f6966574d7944721a0e3d0d4ab72eaac0bec926763ed6327fdc01ae0913ea350c3c1f300e0eeda460f9822ae3f0bdc234c77b4b283fdea9f7adddffef37a7854a9f6c55bba3230d234c1620c9803f2a38dec76a8d7a56edfe8a1f59d74bbbc9064f07d4d6ba2f4fd46a9f6a06dbdd8c8028de97d2d2fdddacf0c1fcb07388af400f62c9d93b488923da6839272e486493726c0fa7f44d458525eefcc181b4132047ad2cea7d4550300dc720f23eb4f3a9f56b08a0dcbd01b13fde2a9ff0011a5bb89bacdcde7c87714b28aafa4e8cbe4acdfb82f5d56927696e7c8c7f6a71a4e8b6ef29270ddaa2e9ba25325c85263c3c18039a2ade936b78588a8ce2db466cb1727c19d2ddad3aa38f0cf3575d535a2b9818aa95f0ce079cf353dfb9b942b1823bd4de2fc91963557e46c9a758c37e75aa52ba568e49f5aca97b193f04b63298daa32a16cb21f59e3de8dbf6c050d75c11cc4919f2f5c507674b74cb6e323f940ec7bcd76c96d70c5ee9e63263de715e81b6ce56fdb2c084248e21600f7f3a91f54ac24d8553ea8724fd2b83d4f7f0bb6311307d26a36d75d046d0acb13b419fd68842ec7cd89d8a8bdfbc8edc51c484b73dfd467e95cf4e4f082f82c700f97b7a545d6ee7971dbfced5482e0e11ea989927fcf7a0ee5c8fef53b99c4fa9f3ed8a1fe5f25bcf03dbbd380e1ae1db0300f7ee7da83d55e98f2510a3d07f5e73525fb848efefe941334cd23398296ac2d35d94addb4a140380a6a54b4deb4559c5176a228ed380448079a3be14b2ef75824401b998f0029fee462a1d55b8062a6f85dc037013058051f7927ec283415d8e2fd8171f1f867c47d39c76f4a59afd09b4d07be44791e2ac167c36a08e171fcd920e7bf69a3fade93e6e912e122627b77f534ab81da28c0e647357cd20d41b28d6ee42e3c248c9fad50b641cd5992fedb683e632c7dbea68c85437bdadd416988c4785803f506a44dca4f85b232c766e9f3998a51a7d731c6db2f0492ec3b1acd6f53dc44d94206014103feb53183b506c615f51771cf8b1ed8c4d7a0f45bb646858a9f0c1c999f7cd567e21d2e974f66cbba78ae093f61cfdeac3a4d42ff00c3e56208c1ed5394ad70531ca9959f830587d77eecc9593907b77a93adf5067bd7f1b4068dded8c0f6a37e0ab447cebfb56003181340dbd3fccd36a2fbe0ee247e541bfab73125c3b12ebb5a040040c482cb503dcba42edbaaad04f6cfb4505735259b761856eeecdb94049fe23c8f68ed54059be997ef3ea3c6e39cc7a0fd2ad26c1e14d52ba2061a84dbdcc47eb578b9a6bab9020114937c892b24f9c113c44520d4f50f11ee29b269cb087c9f2ae6df45c12292c55ba46b49af7d8b93c565749a68118c5651f7241a2936df6ca35cb89e8dc73d8819a2d6cd989f9a41f7e7cf3415fbc762fcd507b08249e7267caa317b4ea7124e6638ab586835afd80b2773f96e9c1adfed3236a2c3311e203049ee0450275b6bb06f631068de8ba81f3613c220fae631028d8521b6a5080333b573e70089fea2a1fdb05c583c9cc7901c0a2bac30442ca3714502edbeebbb24c7f219e7b1c7ad565d666e5b33898ee3ce9ece0d166499e67b7a49fb7f6adea1565000481c8a1b41ad39007b1e710044fd6a4d45c2b7108cf84123f5a74ece1675639da011e423fbd2abb6ca309c9c4fd7b55af54eacc232a6231c7fd687d6e9107888c839f59913f9570042524d6d56995bd22b70428ee7b47a0ae751a02b90430f304571d40b6c519a2d1b5c20018a65d2ba50d81db249000e73ff00607f2a7b6405809e59ff003ea7ed5db8e48ae5ce86fe28231e7835ce97a75cd2dc5bfe1600c1183f97e5f5a676f53bcb011913faad6fe6bb8db0a78dd91cf88e7ed189ed48e432475af44720a93e2c950789e7ed4d6f0274c4931b46d0b1e5dcfac54363a780d98c6647f5fae2a0ebdd57c7f2d73fe1a1d84abbdbf3e667fef4c34dd4596df8006f39038a597d0ee9389ed45e8f4fb4960654fe5ef478ae450e1d70edda2c80333004d6ba7f53b6596db232c900024f24d2c7b86704f96223ef47fc34a6eeaacdb61ba5c67938ce7ed536c64acf44ff00c48d3bb1d2da4553223c5ebb7b532f8b3482cf4d1697f1100627938c541d774a6e755b0a5ced4b65bd0c4081f5a77f1c786dda0a01637100ff00d429a1a7dd8e2e5e59b31e054afb6c87a069174da55b6aa4cae49e492324d57355a423a5dd9305d8fa72dc55bbaab45b0498c557be2fe9ff00fc00b684923c464f279cc56fd6e0dd04e2bcf26ad560dd8ee2be7ff0f284d135b92040e099fd2b57437f0f33c559fa1fc366e8bbbc901218027fd93fad2de9fd3ded5d4de09f18cc6319fd2bca7348f1a52491c7c21a46f9e5d86557f3262aeb73a830c734bba7592972e5dc10c485cf606993db2e8dc289891ccf952c9aece8cac86d5e11279a0fa87538b832401c915ddbd2ed999241ccf0054ffb22c06999c71536fe00e4df416dd3ae3430886008fa806b756be99626d21c8f08ede58ad566f7246f5a7834787eaeedcb8032847fe62a39f22072303b7952a7d4627663898c7dead3d27496ca3c801521b22412260a9dd93c8c7a51ba3f1a80c0dc579621942b85263f0ff189dd91c00399adca6970cf2bdd6b8a284753e514f7e12b65f51681dc417510326010cc7f203eb5bea3f085eb64b5b5dea5bc20658027123f2fa539e89a364d4e9f70202789bb0e0933ec607d29f726d516534fa07f8b34ed6f5176f4ed371ee281fed10b9f39188a43a7f0789790463cc1c30f51566f8bae9bece673271da27f5c55618c27ebfdaaed721615ad5550b72d9f0120c1e54f255bd47e6282b3ac26e29381c0f6a234d7c08dca19620afa7bf339e6a2d6ada2ebb55b6e02ba1c89e15adb4891e847a505c7004137750a04cc0307d418cfe9516af55b89e08edea3eb4efaf7c1c9612cc6a14b3e4abb2db3c7224c77f3aafeb3a3dcb2e03860a4f85bd0f91e0e7ca47ad3b545678dc1d33908483c0fa8fd2b76f4b71609933201910639e79ae3508c0f62389e0fbd15a9bc459b33d8dd3f4941fa28a493152186835c001e6aa00ff9bfb0153ebf5402e0edf7f286c9fbd28b37264a9863c6304f91fef4b75baf258790811e7b49c9fd281d66bf6e6070489e7ebcfe468ff86f50c6e98120a995f42504d21b8f266aeff0a590961ced27735b2739804ed03ea67ff2d097080873d62f2da51b41062093558b64ef3708dc48851dc93de99f5bd66f30a4c01c1f713f9d2ab3a9dbda7b73f7c77aef23b07f91718fe1fcc7d69ef4416c5ab82ea12429db1cc90401ea2a3d05c57c309eded578e85a25f9465436d8324e6247e9353cd96a2c9375d15df84be0d076bdf9652376cfc2c860c1633dfc855ffa5fc1d66d5c1a91f8c81cc18c76ec318a3ad34ed400a86ce3208f3268cb84127693000047af9c76153d137933adc69d353ca90b9b4ccfaade321563ee7cea0f8a6d35c7d3dbc91bd58f9e0cd34e9f7a03023bc7fd68bbba4b8d703a2caa820998e7cbccd7afa9c9b5c2bab3d3d464706bf02ed72185044e6287f886ccda23811f4a3af5b76b8095c0febde82eb324431f0f064623ca996a376293fd8cf25c1fe2c07a268e34f719d02b9520e644700fae00355fd3e967f88bc13040f3e7156e60a2d048246091df6a8aaedeb254baa42a83e7c02464fda2be7a719c5d51f3d971b855a046d2851024983b47b76266284ea2855665b702a08ed99923b7602699686d4ab2fcc100130603673e1cc998a1fe7ee42ad272227b7a0f314dba8483dc8576eec98624139f480099fb0a83fe2a4103ca9c69ba5aa9666c2b028079c8f1479609fbd747a7e9890638c6471db27bd53721ea89b47f15ba205f2f43e75ba859ec8302c93ea3741fcab297747e0b7bbf925d468236641f0988e23b853b7ce678ed426af464862a1124781801b942cc09f4e20532b4e14386fc31eb181cc7630727d2b35779210a85900883c486247fdea4a4eecc6d53e05ea8ca4c99b6801f0b13023320f20b67e95d6a2eb020887f230048312a4f7ffa51b6752ac22d00493e29f08f32c2578ccc5076eea349da523c22214004111cfb198ed5a31f12b65141269883a932ab3e719619ec560199e662aab7013882678fa024fe87ed577d3325abaad714981b04c308e31db1e79ed55de95d1ef7cc6372d1543bc433732181036f18273eb5659572fe0aefb6d515bbb7c0fb7eb8a67f07ea63596660abb0420f041c8facf06a5eb5f0db210c80042b30cc06d0700c963e13d8cf7fbc5a7d1fc9b02f0b9e3f9854048fe15527c4d10258644f38ef4fbd3e83174ecba7fe305b5172db08e223bc778fa556ba2db7b88ff26e184cc330581990e0f84e00f43567eafa25bcacb72dbdc3b12e200c0431ddc199c8e670631557e85a3747652a44b943b9488ddf2d321b9ff50f9cc77a9fbfbd072e6df26fa607a9d4c12af6ed90244a781a47395943ff00a7ea2999b56aee8936ee9b6ed6d77406058fccf147f01dd1303313c080b5d62d203b8ed3202c7895e724800f800e26489ec2a3d131965410144329ccf99f23eb1fc27eb4cf9568298035bcce4798e083fd2b8ea5a362bf3a09cc3fbc4ee3ee393e61a9af55d2984bc92cae06ecff001719fa823e93df0069f5a58940080c08064e18654c7b88f6269eef90317e8349bf700a59961801e418038efc8fceaeb692e5ab6a8508739c730063d87e2a3be00f871adb9d43ac15b665483056e4a82a0803763f0cce41029a7c57a8da7e51460c154add25bc5da4636a1ef323b633519654e54830ae8a5bf8e5ff009641c7eb1e7401ed047f83f2abb6a7a5136cbda64df82cbc0b84f07c81cfb1f43cd4b5b69a54bdb281b804470c54c7b3023e95488ed06f42be037887b81dfbd5fba0755453f2d011e192310462220d799a936803325a227909e647a9207fe5356cf86aec9de47836f7199c6247b4834b92164269dda3d1ba4f5037176fcb0a4199cc9ec324f1dfeb5126a086b85e40ec0647be0f9526e8f75ca1b81f7026418e476efdbdab9b019ae305520b0c898063be7ed5a1625820b235c9e9c71ac108e59765974173c33100911edfd2a2bdad6f987f11c8859c7ac8e283e996ae155562149ec4f6f7f3a0f5769c6a54fe255d8040c4bb01820f99e0e79acda8ccb2c957821aad4c26e28b23df6570264111039919c9a4ff00105f2a9b644b1c08ff0038a3ec35a7bae56e656015ce71e131f7fbd55faaea77ea180cfcb3904e320c47dbf2ad7a6c90f6b65f26ac7920f1357cb09b9d488370cee85ec3bc52bd46a7e6dbfc304acc93060798f4ad59d4edb376e7844190399c81da955cd78b8c0860008e161483c802399aef504b7aaf823eac939a49f809d2df725446f18fc2541318e188ce688bf7449daa5769c0e48f5fca83d1e87e692c4924024c31c00226476061bda7caa3d0e90dc9fde00a00fc64a93bb1804c73dab038a67909bc6a83759a89459613b89306768119cf04e688556b84ecc91d80faff0014c62bad5f493a741732e0984c4993918388e224c19f4a5dd345d1711f77ca0cfb41dca64922660e4e7ca3d2a74dae066bc933d82493bc2fa1391f9d6512d7efcf8ac5973dd990493e662b292a5f80dbf80abd741da0029009da584ed11c15e67d60f3515f758b723792089c09c8131e7c12695e9d82b9dc3742900010389967ed81e5445f6dc9f300da519c003b6e16e39f393f6a115c89b2d99ac6036aa10b910630a620827baf6f3c56ada5b23c44950f120c0106707bacf9d40a000095830172e3be01e3ca4fd2bbd1204fe12678590c3189300493e5eb4e9f03ce32f0106e2339645cf207e35041fc417dfb0c9a3db43f3029b8a7896077416e06e82247e19067fa571682b415b64349fe1248f720fbf352ddb6d0615b7a8036be50c8e2246d3ed8fd6924edda02dd155207ea1d1436d2a06e320956de22498803038c11c52ed6f45b1b5549db19da00caaf23693dd8f30263d30d7a7ead95987cb50c911020f8893120c1e3b8a28dcb6cea247cc892a624f3c1f23f9545ca517498b19bddc01756b1956de515916581553e0239f096e09c4c507a4d17cc7120800132092d3222318cf7c734d7aae99894720aa2ae0704f7cf976f79a8b55af4b24875890332a00040dc4eeef3da9b15ee485cb91a653aefc2e6e5e09202ee90b8054419556261898ccc6738eef17e145523e592a70e36cb1ee1d46efe120c6781146a8b6cc4a341c3052a049244e573f69ef44beb214b069610180e33fa1e0d5b2659274339b6b813e93a65b17c5a6f16e8b89c051032bb41fc51983dd7d4d30bfd0c2235d54452186c31c8f32a4c0e0c41833c56f5d759887454de7baf13079e333f7a9b55a8171512eb49423395990567d3f11ff0572cad1484b8ece2ceb58c0b213e582aead83bd466e0604c822080408cfad3cb3d26d34a6d175181dd90e14ed861049553b5bf09198fb2fb2a9b0f8442ca92aa0c81cf3382a0663f8466a5d1adab3b6e0dcdbd9895f09e623c9a0152c20f266a2e54f80a9abe0e4f464b56f6a86bb22154c1f22a0922381cfa76a0b51f0ba5db7c3c8b7f2d58952ea37330c8620189139e7e9471d578ee37cd2ab90b33c1133cc4e44fa0271c549d3b54ac376e1b88070a61bb182b19e23135d1cd36bb13dfbb456f51f0d7cb4dedf88386080f8bc3e155dc477e4c01c98a67d0acafcb2ae2e82402434ecf0e7f76338ce789ce2975fb8f045f746018ae49581385c9391f5f2a75a5d75b74dc9cf9a8238f29fad69c51cb95ed1b02c99a5b51d2b7cb0ab0146620c8c1ce7b54dfb3b5c62c5e4080bb4c1032418efcf341eaf53b90000733eb9c1f6347681e0a8c480271d88fee38f515ab539e7ed4612f07a7a8cf278e1092e82354c015248e2093c8c727145f4dbd6ee5cecea991bbcc4c77904498f434ab537c36f198c030440f2f5c88a97a5ea02b6c004c4eecc98c019ccc63d8579b74eecf3e3cc877a1d0da0d72ea246ef0e241217f28927f2aaef59b22e10ea1c8dad30712adb1873cf078ef5645d4aad91044f88c6664f6314a6f751fddb06046ec638827bf7fcaab19ca2eca39ed92f9b1474fe8e1d1600da643409338307b797d0d707e1a03717da02c34c6d257baba005467b8a7fa1bdb556da99cff000a927100104c4471db83451d20b6a1989df01987783ce07fd6bb2ea253939306a32bc92dc51d3a55fd2b1bea14db41b40711b95cc3061d8ec047aca9a6d67a0a89b96d89b6db1d2d34900cf2ca0f8a15b83fca26444d998adc0374403990631fcc0e0899f4c5496b528c36cc1c37e2c104889f4f10e7dfb549e6be08ae7f6563a8686e5f4b4a0b92971d5c99572a76907d01009f2c1e38a82ce9db68b7b7c5333c993c113cf24e2ae05940de730b3c790c1f71b8523bba62e9f3cb1504f106324664718a68c5fb7baca3c5f46e6022cbf76b83ff00d5ff00f55945fef04c5c31248c3704c8ee3ceb286e62d32a9d6500b9803f0f97fcb52d851fb38fff0032ff00ec7fec2b2b2a9f007d8274e328673cf3ff0038a8272df4fe9595952f0523d9cf4ab8609933bbcfde9d5f336ac31cb166049e620627cab2b28891f24b6dcfc9193dc7d37b575d4ad28b64c0fc23b0f235baca87f7105d86752ce80fa25a8f496cc52debea22de070e7eb3cd6ab29f1fdf10bfb9ff00041d33f17fe43ffba853fea11da47e9595957c9d8dfe43740822e8811f258c462639a9f4f9d3a9393bd44f78ddc4d656543c908f6c9ba59cfbccfdc0fd284e9ee498249018403dbdbcab2b29727407f72fe4d75f30046307f58a0efb95b76c292a278060723cab5595da7e90b1f06dd035b04804e4c9126769cd3be9b6955176a8189c002b2b2bdbf4efeb23d7f46ff9209a8fc0deedfad30e8cc778c9e0d6ab2b36bbed5fb636afc7f20a4fef6f7d3f306681b2e7e6b64ffa43bffbab5595e7ae8c18c7f7b3a213995fe951399293fcc6b559577da34a3562e15bcdb4913330627039ab375913a9d34f7c1f6d871ed5baca8127f6825862d6d8924f3ce7b51dd506db4db713bb8c70c00e3c862b2b2a4fb6087de406e1fd96e19331cce785a934a66c19cffa7cfab2835bacaddff544d393fa6bf662a885c7f0afe82b2b2b2a048fffd9 WHERE `kuenstler`.`kuenstler_ID` = 913;, 'Ich bin verrückt', 'ElfMei', '654644651988','787845663163');


INSERT INTO login (kunden_ID, login, password) 
       VALUES (0991, 'JoMeila',MD5('jmeier')),
                (0992, 'arnmuel',MD5('aschroeder')),
                (0993, 'drelfrmei',MD5('emaier')),
                (0994, 'barbati',MD5('batiel')) ;

INSERT INTO bild (bild_ID, kunden_ID, kuenstler_ID,Titel,Beschreibung,bild,bild_hoehe,bild_breite,preis,erscheinungsjahr,upload_ip,upload_datum,kauf_ip,kauf_datum) 
       VALUES (0941,0992,0911,'Paris bei Nacht','Paris bei Nacht','Bilder\index1.jpg',100,120,12345,'2001','192.168.20.20','2017-07-23 13:10:11','192.168.10.1','2009-02-03'),
              (0942,NULL,0911,'Berlin bei Nacht','Berlin bei Nacht','Bilder\index2.jpg',105,125,145,'2002','192.168.30.20','2016-06-13 12:13:15',NULL,NULL),
              (0943,NULL,0913,'Katze','Katze','Bilder\index3.jpg',05,25,1145,'2003','192.168.40.20','2013-04-11 11:46:17',NULL,NULL),
              (0944,0994,0911,'Hund','Hund','Bilder\index4.jpg',1105,2125,14745,'2004','192.168.50.20','2010-10-21 01:41:57','192.168.10.20','2010-03-04');

INSERT INTO eingeordnet(bild_ID,kategorie_ID)
                VALUES(0943,104),
                (0941,101),
                (0942,102),
                (0942,103);

INSERT INTO message(message_ID,von_ID,an_ID,gelesen,geloescht,msg_text)
                VALUES(1234,0991,0992,'0','0','Testtext'),
                        (1235,0992,0993,'1','0','Testtext'),
                        (1236,0993,0994,'1','1','Testtext'),
                        (1237,0994,0991,'1','0','Testtext');
                
                


